Frame	Time	Point #1.X	Point #1.Y	Point #2.X	Point #2.Y	Point #3.X	Point #3.Y	Point #4.X	Point #4.Y	Angle #1
1	0,000000	173,427994	876,471008	163,139999	511,765015	69,077003	138,235001	243,975006	102,941002	192,518616
2	0,004566	172,389008	877,000000	164,199997	511,399994	69,544998	141,091003	243,899994	102,699997	193,055267
3	0,009132	172,389008	877,000000	164,222000	511,000000	69,544998	141,091003	244,000000	102,699997	193,078171
4	0,013699	172,389008	877,000000	164,222000	511,000000	69,455002	141,091003	244,000000	102,699997	193,091248
5	0,018265	172,332993	877,000000	164,278000	511,000000	69,544998	141,091003	243,949997	102,699997	193,103836
6	0,022831	172,332993	877,000000	164,389008	511,000000	69,544998	141,091003	243,949997	102,699997	193,137344
7	0,027397	172,222000	877,000000	164,389008	511,000000	69,544998	141,091003	243,899994	102,699997	193,154709
8	0,031963	172,167007	877,000000	164,399994	511,500000	69,544998	141,091003	243,949997	102,699997	193,146362
9	0,036530	171,800003	877,200012	164,449997	511,500000	69,455002	141,091003	243,949997	102,699997	193,232651
10	0,041096	171,750000	877,200012	164,449997	511,500000	69,544998	141,091003	243,899994	102,699997	193,227417
11	0,045662	171,500000	877,666992	164,591003	511,091003	69,544998	141,091003	244,000000	102,699997	193,326950
12	0,050228	171,500000	877,666992	164,727005	511,091003	69,544998	141,091003	244,000000	102,699997	193,367966
13	0,054795	171,563004	877,375000	164,727005	511,091003	69,544998	141,091003	243,899994	102,699997	193,357269
14	0,059361	171,563004	877,375000	164,863998	511,091003	69,408997	141,091003	243,899994	102,699997	193,418335
15	0,063927	171,563004	877,375000	164,955002	511,091003	69,408997	141,091003	243,899994	102,699997	193,445770
16	0,068493	171,563004	877,375000	165,167007	511,416992	69,408997	141,091003	243,949997	102,699997	193,496567
17	0,073059	171,438004	877,375000	165,292007	511,416992	69,408997	141,091003	243,899994	102,699997	193,553818
18	0,077626	171,438004	877,375000	165,591003	511,817993	69,408997	141,091003	243,949997	102,699997	193,627884
19	0,082192	171,429001	877,856995	165,649994	511,500000	69,408997	141,091003	243,949997	102,699997	193,661026
20	0,086758	171,429001	877,856995	165,649994	511,500000	69,408997	141,091003	243,949997	102,699997	193,661026
21	0,091324	170,500000	877,286011	166,100006	511,500000	69,408997	141,091003	243,899994	102,699997	193,940765
22	0,095890	170,500000	877,286011	166,050003	511,500000	69,408997	141,091003	243,899994	102,699997	193,925690
23	0,100457	170,563004	877,750000	166,250000	511,500000	69,408997	141,091003	244,000000	102,699997	193,976959
24	0,105023	170,500000	877,750000	166,727005	511,817993	69,408997	141,091003	243,899994	102,699997	194,117874
25	0,109589	170,625000	877,750000	167,056000	512,000000	69,408997	141,182007	243,899994	102,699997	194,193634
26	0,114155	170,563004	877,750000	167,500000	511,500000	69,408997	141,182007	243,949997	102,699997	194,356812
27	0,118721	170,500000	877,750000	167,750000	511,500000	69,408997	141,182007	243,899994	102,699997	194,441910
28	0,123288	170,438004	877,750000	168,050003	511,600006	69,408997	141,182007	243,949997	102,699997	194,537933
29	0,127854	170,375000	877,750000	168,636002	511,908997	69,408997	141,182007	243,899994	102,699997	194,711929
30	0,132420	170,000000	877,888977	169,050003	512,400024	69,363998	141,182007	243,949997	102,699997	194,882523
31	0,136986	170,063004	877,750000	169,556000	512,000000	69,408997	141,182007	243,899994	102,699997	195,033920
32	0,141552	170,063004	877,750000	169,908997	512,091003	69,363998	141,182007	243,949997	102,699997	195,142960
33	0,146119	170,063004	877,750000	170,800003	512,400024	69,363998	141,182007	243,949997	102,599998	195,398666
34	0,150685	169,889008	878,111023	171,278000	512,000000	69,363998	141,182007	244,000000	102,699997	195,584869
35	0,155251	170,000000	877,750000	171,772995	512,091003	69,363998	141,182007	243,949997	102,699997	195,712784
36	0,159817	170,214005	878,000000	172,800003	512,400024	69,408997	141,182007	244,000000	102,699997	195,968750
37	0,164384	169,778000	878,000000	173,350006	512,500000	69,544998	141,182007	244,000000	102,599998	196,178696
38	0,168950	169,778000	878,000000	174,250000	512,416992	69,591003	141,182007	244,000000	102,699997	196,445099
39	0,173516	169,778000	878,000000	175,063004	512,500000	69,650002	141,500000	244,000000	102,699997	196,689972
40	0,178082	169,778000	878,000000	175,908997	512,817993	69,611000	142,000000	244,110992	103,000000	196,957230
41	0,182648	169,778000	878,000000	176,610992	513,000000	69,722000	142,000000	244,000000	102,599998	197,144730
42	0,187215	169,800003	877,700012	177,699997	513,299988	69,800003	142,500000	244,050003	102,599998	197,466537
43	0,191781	169,667007	878,000000	178,500000	513,400024	69,636002	142,908997	244,050003	102,599998	197,762558
44	0,196347	169,800003	877,700012	179,500000	513,000000	69,500000	143,399994	244,063004	102,500000	198,097549
45	0,200913	169,800003	877,700012	180,389008	513,000000	69,500000	143,399994	244,389008	102,222000	198,363632
46	0,205479	169,667007	878,000000	181,444000	513,000000	69,667000	143,000000	244,500000	102,111000	198,657623
47	0,210046	169,889008	878,000000	182,500000	512,599976	69,583000	143,000000	244,500000	102,111000	198,965164
48	0,214612	169,750000	878,375000	183,682007	513,817993	69,863998	143,182007	244,556000	102,111000	199,259674
49	0,219178	169,856995	878,000000	184,682007	513,091003	69,955002	143,182007	244,600006	102,500000	199,557693
50	0,223744	169,856995	878,000000	185,832993	513,000000	70,125000	143,582993	244,600006	102,500000	199,897720
51	0,228310	169,856995	878,000000	187,227005	513,817993	70,167000	143,582993	244,649994	102,500000	200,276489
52	0,232877	169,856995	878,000000	188,149994	513,500000	70,449997	143,600006	244,610992	102,889000	200,523834
53	0,237443	169,667007	877,500000	189,591003	513,908997	70,449997	144,500000	244,667007	102,889000	201,011993
54	0,242009	169,582993	877,500000	190,944000	514,000000	70,650002	144,500000	244,722000	102,889000	201,396225
55	0,246575	169,582993	877,500000	192,044998	514,091003	70,750000	144,500000	244,778000	102,889000	201,706070
56	0,251141	169,610992	877,666992	193,610992	514,000000	70,889000	145,000000	244,722000	102,889000	202,171814
57	0,255708	169,667007	877,666992	195,110992	514,000000	71,226997	145,091003	244,778000	102,889000	202,564835
58	0,260274	169,550003	877,200012	196,649994	515,299988	71,226997	145,091003	244,778000	102,889000	202,998306
59	0,264840	169,332993	876,888977	198,350006	515,299988	70,949997	145,600006	244,832993	102,889000	203,602219
60	0,269406	169,332993	876,333008	200,100006	515,299988	70,849998	146,500000	244,832993	102,889000	204,184509
61	0,273973	169,332993	876,221985	201,556000	515,000000	71,125000	146,582993	244,850006	102,400002	204,593140
62	0,278539	169,500000	876,375000	203,389008	515,000000	71,500000	147,091003	244,899994	102,400002	205,079285
63	0,283105	169,389008	876,000000	205,455002	515,817993	71,591003	147,182007	244,899994	102,400002	205,675766
64	0,287671	169,389008	876,000000	207,408997	515,817993	71,849998	148,500000	245,082993	101,750000	206,282318
65	0,292237	169,438004	876,375000	209,167007	516,000000	71,583000	149,082993	245,182007	101,363998	206,845779
66	0,296804	169,214005	876,000000	211,332993	516,000000	72,318001	150,000000	245,500000	101,699997	207,471008
67	0,301370	169,143005	876,000000	213,389008	517,000000	72,556000	151,000000	245,250000	101,599998	208,072357
68	0,305936	168,356995	875,286011	216,100006	517,400024	72,949997	151,600006	245,500000	102,000000	208,970657
69	0,310502	168,582993	875,500000	218,199997	517,599976	73,444000	153,000000	245,556000	102,000000	209,547226
70	0,315069	168,582993	875,500000	221,050003	518,400024	73,455002	154,182007	245,563004	101,500000	210,418060
71	0,319635	168,643005	875,000000	223,500000	519,000000	73,818001	155,182007	245,722000	101,889000	211,123199
72	0,324201	168,582993	875,500000	226,222000	519,000000	74,333000	157,000000	245,778000	101,889000	211,946198
73	0,328767	168,417007	875,500000	229,100006	520,400024	74,900002	157,600006	245,899994	101,500000	212,724426
74	0,333333	168,356995	876,000000	232,250000	520,599976	75,667000	159,582993	245,899994	101,500000	213,639343
75	0,337900	168,000000	876,000000	235,149994	522,299988	76,408997	161,091003	245,949997	101,400002	214,473785
76	0,342466	167,875000	876,375000	238,250000	523,299988	76,692001	163,000000	245,949997	101,400002	215,423874
77	0,347032	167,500000	876,000000	241,500000	523,817993	77,458000	164,667007	245,949997	101,400002	216,414810
78	0,351598	167,389008	876,000000	244,772995	524,817993	78,375000	166,500000	245,949997	101,400002	217,336227
79	0,356165	167,389008	876,111023	248,149994	525,400024	79,792000	168,500000	245,949997	101,400002	218,222229
80	0,360731	167,222000	876,221985	251,444000	526,000000	80,818001	170,091003	245,949997	101,400002	219,135300
81	0,365297	166,667007	877,000000	255,182007	527,817993	81,807999	172,307999	246,000000	101,400002	220,221832
82	0,369863	166,500000	877,000000	258,500000	529,000000	83,363998	174,908997	246,000000	101,400002	221,125717
83	0,374429	166,389008	877,000000	262,100006	530,400024	84,908997	176,908997	246,100006	101,400002	222,059875
84	0,378996	166,143005	877,000000	265,750000	531,400024	86,199997	179,399994	246,100006	101,400002	223,103210
85	0,383562	165,832993	877,500000	269,437988	532,500000	87,863998	181,091003	246,332993	101,000000	224,040756
86	0,388128	165,667007	877,500000	272,944000	534,000000	89,500000	184,000000	246,444000	101,000000	225,004059
87	0,392694	165,438004	878,375000	276,556000	536,000000	91,500000	186,000000	246,500000	101,000000	225,847672
88	0,397261	165,389008	878,000000	280,408997	537,000000	93,455002	189,000000	246,778000	101,000000	226,885117
89	0,401827	165,332993	878,000000	284,000000	539,000000	95,199997	191,500000	246,778000	101,000000	227,808258
90	0,406393	165,000000	878,299988	287,500000	540,000000	97,408997	194,000000	247,000000	101,000000	228,689774
91	0,410959	164,610992	878,778015	290,950012	542,400024	99,556000	197,000000	247,250000	100,699997	229,577332
92	0,415525	164,389008	879,000000	294,389008	544,000000	101,699997	198,600006	247,800003	100,699997	230,365158
93	0,420092	164,389008	879,000000	297,635986	545,817993	103,800003	202,399994	248,610992	101,000000	231,239334
94	0,424658	164,389008	879,000000	301,454987	547,817993	106,250000	204,500000	249,056000	100,222000	232,105011
95	0,429224	164,214005	879,000000	304,549988	549,400024	108,636002	207,182007	249,800003	100,500000	232,853577
96	0,433790	164,356995	880,000000	307,950012	550,599976	111,199997	209,500000	250,544998	100,363998	233,530273
97	0,438357	164,356995	880,000000	310,908997	552,908997	113,778000	212,000000	251,100006	100,500000	234,173294
98	0,442923	164,389008	880,000000	314,200012	554,500000	116,318001	214,908997	251,850006	100,500000	234,943848
99	0,447489	164,188004	880,375000	317,149994	556,500000	118,750000	217,582993	252,591003	100,273003	235,625214
100	0,452055	164,500000	881,000000	320,317993	558,817993	121,955002	219,908997	253,100006	100,500000	236,150345
101	0,456621	164,610992	881,000000	323,200012	560,400024	124,458000	221,667007	253,949997	100,500000	236,720978
102	0,461188	164,929001	882,000000	326,110992	562,000000	127,636002	224,000000	254,949997	100,599998	237,155731
103	0,465754	165,389008	882,000000	328,899994	564,400024	130,899994	225,500000	255,100006	100,500000	237,536224
104	0,470320	165,438004	881,875000	331,500000	565,908997	133,957993	227,582993	256,221985	100,889000	238,004868
105	0,474886	165,643005	883,000000	334,000000	567,908997	136,636002	230,000000	256,778015	101,111000	238,404251
106	0,479453	165,750000	883,500000	337,100006	569,500000	140,000000	231,582993	257,937988	101,500000	238,875458
107	0,484019	166,000000	884,375000	339,450012	571,500000	142,850006	233,500000	259,166992	101,222000	239,187592
108	0,488585	166,188004	884,625000	341,549988	573,500000	145,591003	236,000000	260,278015	102,000000	239,547546
109	0,493151	166,438004	885,375000	344,049988	575,500000	148,556000	238,000000	262,000000	101,800003	239,901367
110	0,497717	166,813004	885,625000	347,000000	577,500000	151,332993	240,000000	264,333008	102,889000	240,421661
111	0,502284	167,063004	886,500000	349,317993	579,817993	153,699997	242,399994	266,889008	102,333000	240,825180
112	0,506850	167,063004	887,375000	351,500000	581,817993	156,300003	244,399994	269,278015	103,889000	241,165421
113	0,511416	167,250000	887,500000	353,500000	583,817993	158,944000	246,000000	272,000000	103,800003	241,459518
114	0,515982	167,688004	888,375000	355,500000	585,817993	161,399994	247,600006	275,221985	105,889000	241,681000
115	0,520548	167,714005	889,000000	358,045013	587,000000	163,449997	249,500000	278,062988	107,500000	242,187363
116	0,525115	168,356995	889,856995	360,045013	589,000000	165,600006	251,500000	281,000000	109,500000	242,450516
117	0,529681	168,125000	890,375000	362,000000	591,400024	167,636002	252,908997	284,000000	111,500000	242,826782
118	0,534247	168,125000	890,500000	363,778015	593,000000	169,917007	253,667007	287,049988	113,500000	243,070541
119	0,538813	168,438004	891,375000	365,562988	594,500000	171,957993	255,500000	290,000000	115,500000	243,315109
120	0,543379	168,750000	891,500000	367,299988	596,400024	173,350006	257,500000	293,100006	117,500000	243,715759
121	0,547946	168,813004	891,625000	369,049988	598,400024	174,957993	259,583008	296,375000	118,625000	244,134644
122	0,552512	169,000000	892,500000	370,899994	599,500000	177,136002	260,091003	299,600006	120,699997	244,291351
123	0,557078	169,063004	893,375000	372,317993	601,000000	179,050003	261,500000	303,049988	122,400002	244,458160
124	0,561644	169,167007	893,500000	373,791992	603,333008	181,222000	262,000000	307,000000	124,111000	244,621796
125	0,566210	169,250000	893,625000	375,350006	604,599976	183,610992	263,000000	311,250000	124,699997	244,797531
126	0,570777	169,813004	894,500000	376,700012	606,400024	186,227005	264,000000	315,454987	126,091003	244,769104
127	0,575343	169,714005	895,000000	377,649994	607,500000	189,449997	265,399994	319,778015	127,889000	244,693130
128	0,579909	169,667007	895,500000	379,317993	609,726990	192,500000	265,908997	324,750000	128,500000	244,782822
129	0,584475	169,500000	895,500000	380,250000	610,500000	195,957993	266,333008	329,221985	129,889008	244,649780
130	0,589041	169,610992	896,000000	381,450012	612,400024	199,817993	266,000000	334,135986	130,272995	244,428299
131	0,593608	169,875000	896,500000	382,750000	613,400024	203,149994	265,600006	339,000000	131,500000	244,252396
132	0,598174	170,000000	896,625000	383,562988	614,500000	207,250000	265,500000	343,721985	132,222000	243,927673
133	0,602740	169,929001	897,000000	384,110992	616,000000	211,332993	265,000000	349,056000	134,222000	243,523621
134	0,607306	170,167007	897,500000	385,049988	617,400024	215,250000	264,500000	355,049988	134,800003	243,188980
135	0,611872	170,429001	898,000000	385,750000	618,400024	219,399994	263,500000	360,556000	136,889008	242,713593
136	0,616439	170,063004	898,375000	386,635986	618,908997	223,600006	261,600006	366,333008	137,110992	242,300674
137	0,621005	170,070999	898,143005	387,299988	619,500000	228,000000	260,091003	372,556000	138,889008	241,844086
138	0,625571	170,214005	899,000000	388,056000	620,000000	232,600006	259,399994	378,950012	138,699997	241,303619
139	0,630137	170,643005	899,856995	388,350006	621,400024	237,389008	257,000000	385,200012	139,699997	240,522385
140	0,634703	170,750000	899,625000	388,500000	622,400024	242,500000	255,000000	391,333008	140,110992	239,820557
141	0,639269	170,429001	900,000000	388,812988	622,500000	247,649994	253,399994	398,399994	141,500000	239,131104
142	0,643836	170,643005	900,000000	389,049988	623,400024	253,222000	251,000000	404,833008	142,582993	238,333862
143	0,648402	170,438004	900,500000	389,317993	623,726990	258,649994	248,600006	411,454987	143,182007	237,542709
144	0,652968	170,917007	900,500000	389,278015	624,000000	264,350006	246,600006	418,610992	144,889008	236,615021
145	0,657534	170,929001	901,856995	389,450012	624,400024	270,045013	245,000000	425,500000	145,091003	235,693314
146	0,662100	171,000000	901,856995	389,450012	624,400024	275,791992	243,417007	432,591003	146,000000	234,825714
147	0,666667	171,000000	901,500000	389,350006	624,400024	281,817993	241,000000	439,649994	146,600006	233,904694
148	0,671233	171,000000	901,625000	389,273010	624,000000	287,458008	238,750000	447,221985	148,000000	232,978806
149	0,675799	171,188004	901,625000	388,500000	624,400024	292,778015	237,000000	455,182007	149,000000	231,971420
150	0,680365	171,250000	901,625000	388,049988	624,299988	298,000000	235,727005	462,399994	150,399994	231,064377
151	0,684931	171,750000	902,500000	387,875000	623,416992	303,864014	233,727005	469,635986	151,091003	229,920471
152	0,689498	171,813004	902,500000	387,454987	623,000000	309,591003	231,000000	477,437988	152,500000	228,885757
153	0,694064	171,714005	902,856995	386,778015	622,888977	315,591003	229,000000	485,083008	154,332993	227,774918
154	0,698630	171,667007	902,500000	386,000000	622,400024	321,500000	227,000000	492,773010	155,817993	226,688095
155	0,703196	171,667007	902,500000	385,317993	621,726990	327,250000	225,399994	500,576996	157,076996	225,604309
156	0,707762	171,667007	902,500000	384,750000	620,500000	333,500000	223,000000	508,385010	159,000000	224,421844
157	0,712329	171,714005	903,000000	383,721985	620,000000	339,700012	221,600006	515,750000	161,399994	223,143967
158	0,716895	172,000000	902,625000	382,850006	619,400024	346,049988	220,399994	523,549988	163,399994	221,935760
159	0,721461	171,856995	903,000000	381,950012	618,400024	352,500000	218,399994	531,273010	165,091003	220,645721
160	0,726027	171,832993	902,500000	380,950012	617,400024	359,666992	216,110992	538,773010	168,000000	219,295471
161	0,730593	172,000000	902,143005	379,950012	616,400024	365,682007	215,000000	545,900024	170,399994	218,081085
162	0,735160	172,000000	902,143005	378,950012	615,400024	372,100006	214,399994	553,556030	173,000000	216,797623
163	0,739726	172,000000	902,500000	377,950012	614,400024	379,250000	212,500000	560,726990	176,000000	215,373978
164	0,744292	172,000000	902,500000	376,850006	613,400024	385,850006	212,399994	567,817993	179,182007	214,034836
165	0,748858	172,063004	902,500000	375,682007	612,182007	392,799988	211,399994	575,182007	182,908997	212,598785
166	0,753424	172,250000	902,375000	374,850006	611,400024	399,556000	210,110992	582,000000	186,332993	211,325653
167	0,757990	172,429001	902,000000	373,364014	610,182007	406,135986	210,727005	588,958008	189,500000	209,859711
168	0,762557	172,429001	902,000000	372,600006	609,400024	412,791992	210,332993	595,182007	193,091003	208,625336
169	0,767123	172,429001	902,000000	371,221985	608,888977	418,958008	210,332993	601,635986	197,091003	207,315887
170	0,771689	172,750000	901,625000	370,182007	607,091003	425,721985	210,889008	607,875000	201,500000	205,854950
171	0,776255	172,714005	901,143005	369,000000	606,888977	432,399994	211,199997	613,653992	205,845993	204,602844
172	0,780821	172,667007	901,500000	367,700012	606,200012	439,549988	210,500000	619,458008	209,582993	203,151581
173	0,785388	172,667007	901,500000	366,721985	604,221985	444,791992	212,082993	625,083008	214,500000	201,875748
174	0,789954	172,785995	901,856995	365,500000	604,299988	450,545013	212,908997	630,408997	218,908997	200,670090
175	0,794520	172,785995	901,856995	364,450012	602,700012	456,100006	214,199997	635,400024	223,500000	199,373077
176	0,799086	172,929001	901,856995	363,450012	602,400024	462,200012	215,199997	640,291992	227,500000	198,157898
177	0,803652	172,813004	900,625000	362,549988	601,400024	467,182007	216,091003	644,682007	232,091003	197,186066
178	0,808219	172,563004	900,500000	361,100006	600,599976	471,187988	217,500000	649,000000	236,908997	196,123596
179	0,812785	172,938004	900,500000	360,389008	599,888977	476,549988	219,300003	653,500000	241,091003	194,973373
180	0,817351	172,643005	900,143005	359,399994	598,599976	480,850006	220,500000	657,091003	245,908997	193,963882
181	0,821917	172,643005	900,000000	358,250000	598,400024	485,278015	222,110992	661,000000	249,500000	192,954758
182	0,826483	173,000000	899,625000	357,350006	598,200012	489,200012	223,899994	664,192017	253,845993	192,044540
183	0,831050	172,875000	899,625000	356,600006	596,700012	492,549988	224,600006	667,166992	257,500000	191,166718
184	0,835616	172,856995	899,143005	355,950012	596,400024	496,045013	226,182007	670,773010	261,908997	190,437469
185	0,840182	172,750000	899,500000	355,317993	595,726990	499,062988	227,375000	673,349976	265,500000	189,688293
186	0,844748	172,785995	899,856995	354,850006	595,400024	502,399994	228,600006	676,000000	268,091003	188,966156
187	0,849314	172,563004	899,375000	354,437988	594,500000	504,833008	230,000000	678,538025	271,846008	188,397095
188	0,853881	172,250000	898,625000	353,950012	594,400024	507,056000	231,778000	680,700012	274,500000	187,957565
189	0,858447	172,000000	898,500000	353,950012	594,400024	509,114990	232,768997	682,916992	277,500000	187,670334
190	0,863013	172,000000	898,500000	353,682007	594,182007	511,450012	233,600006	684,416992	279,583008	187,206604
191	0,867579	171,938004	898,375000	353,950012	594,400024	512,635986	235,000000	685,726990	282,000000	187,089111
192	0,872145	171,556000	898,000000	354,110992	594,000000	514,166992	236,000000	687,091003	283,182007	186,896591
193	0,876711	171,250000	897,625000	354,299988	594,700012	516,091003	236,908997	687,849976	285,500000	186,811310
194	0,881278	171,000000	897,625000	354,899994	595,400024	516,599976	238,199997	688,268982	285,846008	186,964294
195	0,885844	170,750000	897,625000	355,200012	595,599976	517,333008	238,000000	688,849976	285,600006	187,023712
196	0,890410	170,429001	898,000000	355,812988	596,500000	517,708008	238,582993	689,091003	285,182007	187,247742
197	0,894976	169,643005	897,143005	356,500000	597,400024	517,791992	238,582993	689,091003	285,908997	187,734619
198	0,899542	169,313004	897,625000	356,944000	598,888977	517,750000	238,667007	689,250000	284,500000	188,075867
199	0,904109	169,188004	897,625000	357,791992	599,333008	516,955017	238,363998	689,500000	283,000000	188,510101
200	0,908675	168,938004	897,625000	358,200012	600,400024	516,750000	239,332993	689,650024	281,500000	188,780487
201	0,913241	168,429001	898,000000	359,000000	601,400024	515,955017	239,091003	689,299988	280,399994	189,298874
202	0,917807	168,000000	898,500000	359,950012	602,400024	514,864014	239,817993	689,111023	279,000000	189,819046
203	0,922373	168,000000	898,500000	360,850006	603,400024	513,317993	239,817993	688,849976	277,399994	190,414185
204	0,926940	167,714005	899,000000	361,408997	604,182007	512,049988	239,500000	688,635986	275,091003	190,860565
205	0,931506	167,714005	899,000000	362,549988	605,400024	510,500000	239,500000	687,849976	273,500000	191,552933
206	0,936072	167,214005	899,856995	362,899994	606,700012	509,110992	239,110992	687,091003	271,182007	192,033081
207	0,940638	167,250000	899,500000	363,950012	608,299988	507,333008	239,110992	686,226990	270,000000	192,813446
208	0,945204	167,250000	899,625000	365,299988	608,599976	505,450012	239,500000	685,273010	268,091003	193,444153
209	0,949771	167,500000	900,000000	365,889008	610,000000	503,600006	239,500000	683,908997	266,091003	193,986450
210	0,954337	167,188004	900,500000	367,182007	611,000000	502,364014	239,182007	682,455017	264,091003	194,657944
211	0,958903	167,570999	901,000000	367,682007	612,182007	500,666992	238,110992	680,799988	262,500000	195,145935
212	0,963469	167,500000	901,500000	368,850006	613,400024	498,500000	238,817993	678,799988	260,500000	195,857574
213	0,968035	167,167007	901,500000	369,649994	613,700012	496,889008	238,889008	676,635986	258,817993	196,377411
214	0,972602	167,285995	901,143005	370,833008	614,221985	494,817993	237,817993	674,635986	256,817993	197,121033
215	0,977168	167,610992	902,000000	371,549988	616,200012	492,750000	237,500000	672,544983	254,817993	197,763748
216	0,981734	167,875000	902,500000	372,200012	616,400024	490,350006	236,699997	670,364014	252,817993	198,249008
217	0,986300	168,000000	902,143005	372,850006	617,400024	488,166992	236,110992	667,937988	250,500000	198,904617
218	0,990866	167,856995	903,000000	373,889008	617,888977	484,954987	236,817993	665,650024	249,399994	199,604141
219	0,995432	168,375000	903,375000	374,250000	618,400024	482,600006	237,199997	663,500000	247,000000	199,978592
220	0,999999	168,582993	903,500000	375,444000	618,111023	480,364014	236,727005	661,166992	245,417007	200,554306
221	1,004565	168,929001	903,143005	375,791992	619,416992	477,545013	236,000000	658,773010	244,000000	201,232758
222	1,009131	169,000000	903,625000	376,221985	619,888977	475,135986	235,908997	656,549988	241,600006	201,696472
223	1,013697	169,570999	904,143005	376,500000	620,888977	472,450012	235,399994	654,221985	241,000000	202,172546
224	1,018263	169,875000	904,500000	377,100006	620,599976	469,545013	235,636002	651,599976	239,399994	202,623260
225	1,022830	169,856995	904,856995	378,056000	620,111023	467,000000	234,332993	649,182007	237,817993	203,190216
226	1,027396	169,832993	904,500000	378,450012	621,400024	464,614990	233,923004	646,591003	235,908997	203,849457
227	1,031962	170,000000	905,000000	378,950012	621,500000	461,908997	233,000000	643,950012	233,600006	204,337875
228	1,036528	170,750000	905,500000	379,000000	621,500000	459,299988	233,300003	641,056030	232,000000	204,564728
229	1,041094	171,000000	905,856995	379,556000	621,888977	456,791992	232,332993	638,599976	230,500000	205,080444
230	1,045661	171,143005	905,856995	379,666992	622,000000	454,423004	231,768997	635,599976	229,399994	205,456665
231	1,050227	171,750000	905,500000	379,682007	622,182007	452,000000	231,399994	633,125000	227,417007	205,791061
232	1,054793	171,750000	905,500000	379,833008	622,888977	449,000000	230,332993	630,455017	226,000000	206,371002
233	1,059359	171,832993	905,500000	380,200012	622,400024	447,000000	230,000000	627,400024	224,399994	206,692673
234	1,063925	172,356995	905,143005	380,110992	622,888977	443,908997	229,000000	624,888977	223,000000	207,154770
235	1,068492	172,250000	905,500000	380,312988	622,500000	441,500000	228,889008	622,000000	221,500000	207,487579
236	1,073058	172,500000	905,500000	380,812988	621,500000	438,591003	228,727005	619,125000	219,582993	207,891571
237	1,077624	173,000000	905,856995	380,778015	621,888977	435,799988	227,600006	616,182007	218,000000	208,248581
238	1,082190	173,000000	905,000000	381,000000	621,500000	433,364014	227,000000	613,549988	217,399994	208,706009
239	1,086756	173,167007	904,500000	380,950012	621,500000	430,450012	227,199997	610,864014	215,091003	209,131271
240	1,091323	173,429001	904,856995	380,850006	621,400024	427,591003	226,000000	607,291992	213,667007	209,453217
241	1,095889	173,570999	904,856995	380,610992	620,221985	425,182007	225,636002	604,833008	212,000000	209,587082
242	1,100455	173,570999	904,856995	380,166992	620,888977	422,399994	225,199997	601,549988	211,399994	209,944839
243	1,105021	173,643005	904,000000	380,000000	620,400024	419,389008	224,000000	598,750000	209,500000	210,366241
244	1,109587	173,500000	903,143005	379,750000	620,200012	416,591003	223,091003	595,135986	208,000000	210,789673
245	1,114154	173,429001	903,143005	379,250000	619,500000	413,833008	222,889008	592,599976	206,500000	210,982544
246	1,118720	173,750000	903,500000	379,187988	618,500000	411,110992	221,110992	589,455017	205,091003	211,192566
247	1,123286	173,714005	903,000000	379,000000	618,888977	408,166992	221,000000	586,500000	204,000000	211,657669
248	1,127852	173,856995	902,856995	378,666992	617,888977	404,864014	220,727005	583,250000	202,500000	211,931473
249	1,132418	174,000000	902,500000	378,226990	617,091003	402,299988	219,399994	579,726990	201,000000	212,121964
250	1,136984	174,000000	902,375000	377,721985	616,888977	399,610992	218,889008	576,726990	200,000000	212,363602
251	1,141551	174,000000	901,500000	377,110992	616,666992	396,226990	218,636002	573,500000	198,000000	212,742615
252	1,146117	173,832993	901,500000	376,850006	615,500000	392,591003	217,727005	570,135986	197,000000	213,102844
253	1,150683	173,750000	901,500000	375,889008	614,888977	389,944000	216,889008	566,958008	195,500000	213,171768
254	1,155249	173,832993	900,500000	375,450012	614,200012	386,408997	216,636002	563,591003	194,727005	213,574829
255	1,159815	173,785995	900,856995	374,850006	613,400024	382,591003	215,727005	559,950012	193,399994	213,855988
256	1,164382	173,875000	900,500000	373,889008	612,888977	379,944000	214,889008	556,682007	191,000000	213,944397
257	1,168948	173,714005	900,000000	373,399994	612,200012	376,408997	214,636002	553,000000	189,500000	214,320663
258	1,173514	173,356995	899,143005	373,062988	610,500000	372,791992	213,917007	549,135986	188,000000	214,717697
259	1,178080	173,143005	899,856995	371,833008	610,888977	369,500000	212,500000	545,591003	186,727005	214,847351
260	1,182646	173,500000	899,500000	371,100006	609,500000	365,545013	212,182007	542,056030	185,000000	215,070724
261	1,187213	173,429001	899,000000	370,549988	608,500000	362,350006	211,399994	538,150024	183,399994	215,342133
262	1,191779	173,332993	898,500000	369,610992	607,888977	358,333008	211,000000	534,708008	181,332993	215,662674
263	1,196345	173,000000	898,500000	368,850006	607,400024	354,726990	210,000000	530,864014	179,091003	215,967728
264	1,200911	172,917007	898,500000	367,778015	606,888977	350,635986	210,000000	526,635986	177,908997	216,224854
265	1,205477	172,714005	898,000000	367,000000	605,500000	347,541992	209,250000	522,635986	176,000000	216,404404
266	1,210044	172,929001	897,143005	366,312988	604,500000	343,110992	209,000000	518,635986	174,000000	216,814880
267	1,214610	172,785995	897,143005	365,221985	604,888977	338,958008	208,500000	514,799988	172,399994	217,153854
268	1,219176	172,785995	897,856995	364,389008	603,888977	334,799988	208,399994	510,610992	171,000000	217,374268
269	1,223742	172,714005	897,856995	363,700012	602,500000	330,726990	208,000000	506,125000	168,667007	217,665604
270	1,228308	172,214005	897,000000	362,625000	601,500000	326,600006	207,399994	501,726990	167,091003	218,019409
271	1,232875	172,063004	896,500000	361,545013	601,817993	322,591003	207,091003	497,682007	165,182007	218,377258
272	1,237441	172,000000	896,500000	360,750000	600,599976	318,545013	207,000000	493,850006	164,399994	218,653503
273	1,242007	172,000000	896,500000	359,682007	600,091003	314,389008	207,000000	489,500000	162,727005	218,914200
274	1,246573	172,000000	896,375000	359,100006	599,400024	310,556000	206,889008	485,350006	161,399994	219,262009
275	1,251139	172,143005	896,000000	358,000000	598,888977	306,317993	206,727005	480,600006	159,399994	219,535522
276	1,255705	172,167007	895,500000	357,317993	597,817993	302,149994	206,399994	476,500000	158,000000	219,903259
277	1,260272	171,750000	895,500000	356,364014	597,091003	298,000000	206,399994	472,200012	156,600006	220,239853
278	1,264838	171,750000	895,500000	355,556000	596,888977	293,773010	206,000000	467,545013	155,182007	220,595551
279	1,269404	171,582993	895,500000	354,610992	595,888977	290,000000	205,182007	463,500000	154,727005	220,810135
280	1,273970	171,429001	895,000000	353,250000	595,400024	285,908997	205,182007	459,317993	153,000000	221,043945
281	1,278536	171,429001	895,000000	352,450012	595,200012	281,958008	205,500000	454,635986	152,000000	221,377060
282	1,283103	171,250000	894,500000	351,721985	593,888977	278,135986	205,000000	450,250000	150,600006	221,693405
283	1,287669	170,938004	894,500000	350,850006	593,400024	274,135986	205,000000	445,635986	149,182007	222,031830
284	1,292235	170,643005	894,143005	349,721985	592,888977	270,135986	205,000000	441,500000	148,727005	222,324036
285	1,296801	170,429001	894,000000	348,778015	591,888977	266,273010	205,000000	437,273010	147,000000	222,593307
286	1,301367	170,429001	894,000000	347,850006	591,400024	262,166992	205,332993	432,850006	146,399994	222,897324
287	1,305934	170,429001	894,000000	346,833008	590,888977	258,208008	205,332993	428,166992	145,417007	223,143768
288	1,310500	169,917007	893,500000	345,549988	589,799988	254,250000	205,332993	424,200012	144,399994	223,399933
289	1,315066	170,070999	893,856995	345,000000	589,400024	250,250000	205,417007	419,600006	142,699997	223,741135
290	1,319632	169,582993	893,500000	343,875000	588,500000	246,544998	205,091003	415,278015	142,000000	223,989670
291	1,324198	169,500000	893,500000	342,750000	587,500000	242,899994	205,399994	410,864014	142,000000	224,162491
292	1,328765	169,188004	893,375000	341,454987	587,726990	239,272995	205,000000	406,649994	140,699997	224,354538
293	1,333331	169,063004	893,250000	340,666992	586,888977	235,199997	205,399994	402,408997	140,000000	224,708847
294	1,337897	168,563004	892,500000	339,500000	586,000000	231,399994	205,399994	397,726990	139,091003	225,004578
295	1,342463	168,313004	892,500000	338,649994	585,400024	227,500000	205,399994	393,817993	138,727005	225,319702
296	1,347029	168,125000	892,500000	337,312988	584,500000	223,832993	205,000000	389,408997	137,182007	225,428482
297	1,351596	168,000000	892,500000	336,110992	584,000000	219,800003	205,500000	385,399994	136,399994	225,669205
298	1,356162	168,000000	892,375000	335,100006	583,400024	215,908997	205,182007	380,864014	136,000000	225,897064
299	1,360728	167,610992	892,000000	333,875000	582,500000	212,044998	205,182007	376,700012	134,699997	226,139221
300	1,365294	167,313004	891,625000	332,625000	581,500000	208,050003	206,399994	372,591003	134,000000	226,431747
301	1,369860	167,188004	891,625000	331,317993	581,726990	204,050003	206,399994	368,444000	133,000000	226,637909
302	1,374426	167,000000	891,500000	330,389008	580,888977	200,167007	206,000000	364,364014	132,363998	226,900726
303	1,378993	166,750000	891,500000	328,833008	580,000000	196,222000	207,000000	360,500000	132,000000	227,060928
304	1,383559	166,643005	891,856995	327,750000	579,400024	192,100006	207,399994	356,454987	132,000000	227,310638
305	1,388125	166,250000	891,375000	326,500000	578,888977	188,182007	207,727005	351,817993	131,091003	227,588303
306	1,392691	165,929001	891,000000	325,317993	577,908997	184,750000	206,832993	348,312988	130,500000	227,727112
307	1,397257	165,714005	891,000000	323,899994	577,400024	180,772995	207,908997	344,364014	130,000000	227,941772
308	1,401824	165,429001	891,000000	322,610992	576,888977	177,182007	208,000000	340,100006	129,399994	228,099609
309	1,406390	164,929001	890,143005	321,364014	575,908997	173,699997	208,399994	336,273010	128,363998	228,355591
310	1,410956	164,438004	890,500000	319,899994	575,400024	170,149994	208,399994	332,591003	128,000000	228,457840
311	1,415522	164,125000	890,500000	318,666992	574,888977	166,949997	208,399994	328,600006	127,500000	228,577423
312	1,420088	164,000000	890,375000	317,454987	573,908997	163,000000	208,699997	325,317993	127,000000	228,793427
313	1,424655	163,875000	890,375000	316,135986	573,000000	159,649994	209,399994	321,364014	126,726997	228,915466
314	1,429221	163,500000	890,000000	314,778015	572,888977	156,636002	209,091003	317,799988	125,599998	228,997955
315	1,433787	163,250000	889,625000	313,454987	571,908997	153,649994	208,600006	313,635986	125,091003	229,045898
316	1,438353	162,875000	889,625000	311,899994	571,400024	150,408997	209,091003	310,399994	124,699997	229,117554
317	1,442919	162,667007	889,500000	310,500000	571,299988	147,408997	209,091003	307,091003	124,091003	229,159683
318	1,447486	162,417007	889,500000	309,149994	570,299988	144,227005	209,182007	303,799988	123,500000	229,233994
319	1,452052	162,214005	889,856995	307,899994	569,400024	141,207993	209,500000	299,864014	123,091003	229,299255
320	1,456618	161,582993	889,500000	306,500000	568,888977	138,292007	209,582993	296,600006	122,699997	229,409592
321	1,461184	161,063004	889,375000	305,100006	568,299988	135,591003	209,091003	293,850006	122,400002	229,423813
322	1,465750	160,832993	889,000000	303,299988	567,400024	133,199997	208,600006	290,500000	122,000000	229,257782
323	1,470317	160,500000	889,000000	302,125000	566,500000	129,750000	209,500000	287,408997	121,000000	229,481796
324	1,474883	160,313004	888,625000	300,556000	565,888977	127,500000	209,000000	284,200012	120,599998	229,355881
325	1,479449	160,063004	888,625000	299,100006	565,400024	124,722000	209,000000	281,091003	120,091003	229,346619
326	1,484015	159,875000	888,625000	297,556000	564,888977	121,726997	208,908997	277,726990	119,363998	229,325592
327	1,488581	159,813004	888,500000	296,166992	563,888977	119,400002	208,500000	275,135986	119,000000	229,230316
328	1,493147	159,500000	888,221985	294,333008	563,000000	116,773003	208,091003	272,221985	118,111000	229,096954
329	1,497714	159,285995	888,856995	292,944000	562,000000	114,449997	207,500000	269,000000	118,400002	228,966248
330	1,502280	158,570999	888,000000	291,600006	561,400024	111,455002	208,000000	266,649994	116,800003	229,171921
331	1,506846	158,429001	888,000000	290,221985	560,888977	108,681999	208,000000	263,649994	117,400002	229,167572
332	1,511412	158,125000	888,375000	288,500000	559,500000	106,363998	207,908997	260,500000	116,599998	229,010406
333	1,515978	157,556000	888,000000	286,950012	559,400024	103,726997	207,182007	258,500000	116,000000	228,976563
334	1,520545	157,500000	888,000000	285,149994	558,400024	100,681999	207,908997	255,636002	115,091003	228,929184
335	1,525111	157,356995	888,000000	283,545013	557,817993	98,455002	207,908997	253,332993	115,000000	228,793030
336	1,529677	157,000000	887,500000	282,200012	556,599976	96,091003	207,817993	251,091003	114,091003	228,808975
337	1,534243	156,750000	887,500000	280,444000	556,000000	93,273003	207,182007	248,750000	113,599998	228,679672
338	1,538809	156,500000	887,500000	279,166992	555,000000	91,292000	206,667007	246,649994	112,599998	228,590591
339	1,543376	156,356995	887,856995	277,437988	554,500000	89,363998	206,091003	244,313004	112,500000	228,322418
340	1,547942	155,785995	887,000000	275,682007	554,000000	87,273003	206,000000	242,317993	112,000000	228,232651
341	1,552508	155,500000	887,000000	274,100006	553,400024	85,500000	205,091003	239,899994	111,400002	228,005447
342	1,557074	154,889008	886,888977	272,350006	553,299988	83,250000	204,699997	238,110992	110,111000	227,875687
343	1,561640	154,722000	886,888977	270,950012	552,299988	81,408997	204,908997	236,227005	110,000000	227,773422
344	1,566207	154,500000	886,778015	269,200012	551,400024	79,958000	203,582993	234,100006	109,400002	227,430740
345	1,570773	154,125000	886,375000	267,549988	550,400024	78,417000	203,417007	232,600006	108,599998	227,248505
346	1,575339	154,000000	886,375000	265,817993	549,817993	76,292000	202,500000	230,832993	107,750000	226,999207
347	1,579905	153,500000	886,000000	264,166992	549,000000	74,846001	201,307999	229,136002	107,000000	226,748230
348	1,584471	153,500000	886,000000	262,500000	548,000000	73,375000	200,667007	227,556000	106,111000	226,442307
349	1,589038	153,285995	886,000000	260,950012	547,400024	72,455002	199,908997	225,949997	106,400002	226,116440
350	1,593604	152,917007	885,500000	259,100006	546,400024	70,949997	198,600006	224,363998	106,000000	225,799133
351	1,598170	152,750000	885,500000	257,500000	545,908997	69,408997	198,182007	222,636002	106,000000	225,552521
352	1,602736	152,438004	885,375000	255,667007	545,000000	68,400002	197,399994	221,350006	104,800003	225,184753
353	1,607302	152,500000	885,000000	253,722000	544,888977	67,050003	195,600006	220,050003	105,400002	224,695343
354	1,611869	152,063004	884,625000	252,199997	543,400024	65,722000	195,000000	219,050003	104,699997	224,512543
355	1,616435	151,875000	884,625000	250,300003	543,299988	64,681999	193,908997	217,944000	104,111000	224,065506
356	1,621001	151,813004	884,500000	248,500000	542,000000	63,400002	193,399994	217,149994	104,500000	223,731720
357	1,625567	151,688004	884,375000	246,699997	541,400024	62,208000	191,582993	216,667007	104,889000	223,290939
358	1,630133	151,500000	884,000000	244,949997	540,400024	61,091000	190,908997	215,832993	104,000000	222,962692
359	1,634699	151,500000	884,000000	243,363998	539,817993	59,917000	189,582993	215,800003	103,699997	222,588943
360	1,639266	151,143005	884,000000	241,313004	538,500000	59,049999	188,500000	215,050003	103,500000	222,135330
361	1,643832	150,929001	884,000000	239,222000	538,000000	58,462002	187,231003	214,722000	103,111000	221,578522
362	1,648398	150,917007	883,500000	237,699997	537,400024	57,818001	186,091003	214,332993	103,000000	221,190399
363	1,652964	150,438004	883,375000	235,500000	536,500000	56,955002	185,182007	213,899994	102,500000	220,718750
364	1,657530	150,500000	883,000000	233,649994	535,599976	56,333000	183,667007	213,556000	102,111000	220,201157
365	1,662097	150,444000	883,000000	232,000000	535,400024	56,250000	182,500000	213,250000	102,500000	219,678299
366	1,666663	150,063004	882,625000	230,000000	535,000000	55,700001	181,500000	213,149994	102,500000	219,196625
367	1,671229	150,000000	882,375000	228,389008	534,000000	55,625000	179,667007	213,100006	102,500000	218,673828
368	1,675795	149,938004	882,375000	226,455002	533,000000	54,700001	179,399994	213,050003	102,500000	218,260712
369	1,680361	149,500000	882,000000	224,778000	533,000000	54,500000	177,908997	213,000000	102,500000	217,791275
370	1,684928	149,563004	882,375000	223,056000	532,000000	53,900002	176,500000	213,000000	102,500000	217,292648
371	1,689494	149,417007	881,500000	221,682007	531,817993	53,409000	175,091003	213,000000	102,500000	216,930222
372	1,694060	148,917007	881,500000	220,199997	531,400024	52,167000	175,000000	212,949997	102,500000	216,751160
373	1,698626	148,929001	881,000000	218,500000	531,000000	51,653999	173,462006	212,591003	102,363998	216,258621
374	1,703192	148,610992	881,000000	217,100006	530,400024	51,363998	173,091003	212,544998	102,363998	215,937408
375	1,707759	148,610992	881,000000	215,444000	530,000000	50,278000	173,000000	212,591003	102,363998	215,608109
376	1,712325	148,188004	880,625000	214,149994	529,500000	50,091000	171,908997	212,544998	102,363998	215,284683
377	1,716891	148,063004	880,375000	212,636002	529,000000	49,681999	171,091003	212,544998	102,363998	214,892700
378	1,721457	147,938004	880,375000	211,188004	528,500000	49,049999	170,500000	212,544998	102,363998	214,555908
379	1,726023	147,813004	880,375000	209,750000	528,500000	48,591000	169,908997	212,500000	102,363998	214,183167
380	1,730590	147,610992	880,000000	208,389008	528,000000	48,000000	169,000000	212,500000	102,363998	213,869843
381	1,735156	147,500000	880,000000	207,149994	528,299988	47,549999	167,800003	212,455002	102,363998	213,505890
382	1,739722	147,438004	880,375000	205,636002	527,817993	47,500000	167,091003	212,455002	102,363998	213,045258
383	1,744288	147,438004	880,375000	204,408997	527,000000	46,750000	166,500000	212,408997	102,363998	212,779800
384	1,748854	147,214005	880,000000	203,000000	527,000000	46,455002	165,908997	212,363998	102,363998	212,418747
385	1,753420	147,143005	880,000000	201,944000	527,000000	45,772999	165,182007	212,408997	102,363998	212,170776
386	1,757987	147,000000	880,000000	200,750000	527,299988	45,500000	165,399994	212,363998	102,273003	211,883621
387	1,762553	146,375000	879,750000	199,449997	526,400024	45,500000	163,800003	212,050003	102,599998	211,547012
388	1,767119	146,429001	880,000000	198,389008	526,000000	45,409000	164,182007	212,050003	102,500000	211,269318
389	1,771685	146,429001	880,000000	197,250000	526,299988	45,591000	163,182007	212,050003	102,500000	210,844742
390	1,776251	146,285995	880,000000	196,199997	525,400024	45,500000	163,091003	212,000000	102,500000	210,596939
391	1,780818	146,070999	880,000000	194,889008	525,000000	45,200001	163,399994	211,889008	102,111000	210,317688
392	1,785384	146,000000	880,000000	193,722000	525,000000	45,000000	162,000000	211,889008	102,111000	209,935303
393	1,789950	146,125000	879,625000	192,750000	525,299988	44,950001	161,600006	211,832993	102,111000	209,612167
394	1,794516	145,899994	879,700012	191,500000	524,000000	45,250000	160,600006	211,778000	102,111000	209,227631
395	1,799082	145,610992	880,000000	190,444000	524,000000	44,599998	160,500000	211,722000	102,111000	209,039490
396	1,803649	145,610992	880,000000	189,500000	523,817993	44,409000	160,000000	211,722000	102,111000	208,766785
397	1,808215	145,500000	880,000000	188,250000	523,400024	43,958000	159,582993	211,722000	102,111000	208,469696
398	1,812781	145,389008	880,000000	187,278000	523,000000	43,667000	159,000000	211,722000	102,111000	208,223267
399	1,817347	145,389008	880,000000	186,250000	523,299988	43,450001	159,399994	211,667007	102,111000	207,960724
400	1,821913	145,389008	880,000000	185,056000	522,888977	43,500000	158,000000	211,610992	102,111000	207,541687
401	1,826480	145,389008	880,000000	183,949997	521,599976	42,944000	158,000000	211,610992	102,111000	207,337509
402	1,831046	145,389008	880,000000	183,149994	522,299988	42,900002	157,600006	211,610992	102,111000	207,061050
403	1,835612	145,389008	880,000000	181,949997	521,400024	42,544998	157,908997	211,610992	102,111000	206,804138
404	1,840178	145,389008	880,000000	180,889008	521,000000	41,909000	157,182007	211,610992	102,111000	206,554443
405	1,844744	145,389008	880,000000	179,889008	521,000000	41,549999	157,399994	211,556000	102,111000	206,319626
406	1,849311	145,389008	880,000000	178,722000	521,000000	41,450001	157,399994	211,449997	102,599998	205,987991
407	1,853877	145,389008	880,000000	177,600006	520,500000	41,667000	156,000000	211,449997	102,599998	205,571991
408	1,858443	145,389008	880,000000	176,949997	520,400024	41,349998	156,399994	211,449997	102,599998	205,447571
409	1,863009	145,389008	880,000000	175,750000	519,599976	41,500000	155,182007	211,449997	102,599998	205,038940
410	1,867575	145,389008	880,000000	174,772995	519,182007	41,349998	155,500000	211,449997	102,599998	204,802155
411	1,872141	145,389008	880,000000	173,750000	519,500000	41,455002	154,908997	211,399994	102,599998	204,442001
412	1,876708	145,389008	880,000000	172,699997	519,500000	41,722000	154,000000	211,399994	102,599998	204,047668
413	1,881274	145,438004	880,375000	171,949997	519,400024	41,636002	153,182007	211,300003	102,599998	203,788025
414	1,885840	145,438004	880,375000	170,800003	519,400024	41,636002	153,182007	211,300003	102,599998	203,446579
415	1,890406	145,438004	880,375000	169,875000	518,416992	41,450001	153,500000	211,250000	102,599998	203,250839
416	1,894972	145,438004	880,375000	168,699997	518,500000	41,375000	152,582993	211,199997	102,599998	202,863937
417	1,899539	145,438004	880,375000	167,682007	518,000000	41,611000	152,000000	211,199997	102,699997	202,519226
418	1,904105	145,250000	879,500000	166,957993	517,500000	41,500000	151,500000	211,363998	103,091003	202,352493
419	1,908671	145,500000	879,500000	166,000000	517,091003	41,409000	151,182007	211,363998	103,091003	202,041107
420	1,913237	145,500000	879,500000	164,800003	517,500000	41,318001	151,091003	211,363998	103,091003	201,675949
421	1,917803	145,667007	879,500000	163,750000	517,500000	41,181999	151,091003	211,199997	103,400002	201,355408
422	1,922370	145,667007	879,500000	162,800003	517,500000	40,409000	151,182007	211,100006	103,400002	201,184769
423	1,926936	145,722000	879,556030	162,091003	516,908997	40,250000	150,699997	211,100006	103,400002	200,987183
424	1,931502	146,063004	879,375000	161,100006	516,500000	39,833000	151,000000	211,100006	103,500000	200,727905
425	1,936068	146,167007	879,000000	159,955002	516,091003	39,722000	151,000000	211,100006	103,500000	200,403717
426	1,940634	146,222000	879,000000	159,250000	516,500000	39,750000	150,500000	211,100006	103,500000	200,140289
427	1,945201	146,332993	879,000000	158,227005	516,091003	39,500000	150,000000	211,100006	103,500000	199,845535
428	1,949767	146,125000	878,625000	157,455002	516,000000	39,056000	150,000000	211,050003	103,500000	199,715698
429	1,954333	146,063004	878,625000	156,625000	515,583008	38,950001	149,600006	211,050003	103,500000	199,490662
430	1,958899	146,063004	878,625000	155,591003	516,000000	38,591000	150,000000	211,050003	103,500000	199,232727
431	1,963465	146,063004	878,375000	155,000000	515,500000	38,500000	149,908997	211,227005	103,273003	199,085922
432	1,968032	146,063004	878,375000	154,082993	515,583008	38,389000	149,000000	211,227005	103,273003	198,782150
433	1,972598	146,063004	878,375000	153,292007	515,500000	37,772999	149,091003	211,227005	103,273003	198,639938
434	1,977164	146,063004	878,375000	152,544998	515,091003	37,681999	149,000000	211,227005	103,273003	198,441727
435	1,981730	146,063004	878,375000	151,699997	515,500000	37,549999	149,399994	211,227005	103,273003	198,207458
436	1,986296	146,063004	878,375000	151,091003	515,091003	37,778000	149,000000	211,227005	103,273003	197,991364
437	1,990862	146,389008	878,000000	150,317993	515,091003	37,833000	149,000000	211,136002	103,273003	197,700363
438	1,995429	146,444000	878,666992	149,375000	515,500000	38,000000	149,000000	211,042007	103,583000	197,365814
439	1,999995	146,649994	878,299988	148,908997	515,091003	38,400002	148,500000	211,000000	103,583000	197,131805
440	2,004561	146,500000	878,666992	148,250000	515,500000	38,778000	148,000000	211,000000	103,583000	196,863983
441	2,009127	146,699997	878,299988	147,300003	515,500000	38,900002	147,600006	211,000000	103,583000	196,512115
442	2,013694	146,500000	878,666992	146,899994	515,500000	39,409000	147,182007	210,957993	103,583000	196,332611
443	2,018260	146,556000	878,778015	146,300003	515,500000	39,500000	147,182007	210,957993	103,583000	196,130035
444	2,022826	146,556000	878,888977	145,350006	515,500000	39,636002	147,182007	210,957993	103,583000	195,824295
445	2,027392	146,556000	878,888977	144,899994	515,500000	39,772999	147,182007	210,957993	103,583000	195,668945
446	2,031958	146,556000	878,888977	144,350006	515,500000	39,772999	147,182007	210,957993	103,583000	195,503082
447	2,036525	146,556000	879,000000	143,500000	515,500000	39,772999	147,182007	210,957993	103,583000	195,246780
448	2,041091	146,556000	879,000000	143,000000	515,500000	39,833000	147,000000	210,772995	103,273003	195,079880
449	2,045657	146,556000	879,000000	142,500000	515,000000	39,549999	146,899994	210,957993	103,583000	194,986801
450	2,050223	146,556000	879,000000	141,917007	514,500000	39,549999	146,899994	210,772995	103,273003	194,831970
451	2,054789	146,556000	879,000000	141,091003	515,000000	39,500000	147,500000	210,772995	103,273003	194,592667
452	2,059355	146,556000	879,000000	140,727005	515,000000	39,400002	147,500000	210,772995	103,273003	194,497131
453	2,063922	146,667007	879,000000	140,167007	514,500000	39,200001	147,500000	210,772995	103,273003	194,360718
454	2,068488	146,813004	878,625000	139,727005	514,091003	39,111000	147,000000	210,772995	103,273003	194,214172
455	2,073054	146,778000	878,888977	139,100006	514,500000	38,667000	147,000000	210,772995	103,273003	194,077866
456	2,077620	147,000000	878,599976	138,899994	514,500000	38,349998	146,699997	210,772995	103,273003	194,015610
457	2,082186	147,000000	878,599976	138,250000	514,500000	38,099998	146,699997	210,772995	103,273003	193,855392
458	2,086753	147,000000	878,599976	137,863998	514,091003	37,542000	147,082993	210,772995	103,273003	193,852615
459	2,091319	147,000000	878,599976	137,544998	514,091003	37,544998	147,182007	210,772995	103,273003	193,759644
460	2,095885	147,000000	878,599976	137,100006	514,500000	37,544998	147,182007	210,772995	103,273003	193,607178
461	2,100451	147,332993	878,333008	136,899994	514,500000	37,544998	147,182007	210,772995	103,273003	193,493103
462	2,105017	147,332993	878,333008	136,417007	514,500000	37,544998	147,182007	210,772995	103,273003	193,346878
463	2,109584	147,332993	878,221985	136,000000	514,091003	37,544998	147,182007	210,772995	103,273003	193,238022
464	2,114150	147,332993	878,221985	135,863998	514,091003	37,544998	147,091003	210,772995	103,273003	193,193283
465	2,118716	147,389008	878,221985	135,682007	514,091003	37,700001	146,600006	210,772995	103,273003	193,087692
466	2,123282	147,389008	878,111023	135,455002	514,091003	37,591000	147,000000	210,772995	103,273003	193,049774
467	2,127848	147,500000	878,111023	135,000000	514,908997	37,591000	147,000000	210,772995	103,273003	192,858459
468	2,132415	147,500000	878,111023	134,863998	514,908997	37,849998	146,600006	210,772995	103,273003	192,764191
469	2,136981	147,813004	878,375000	134,667007	514,500000	37,833000	147,000000	210,772995	103,273003	192,692490
470	2,141547	147,813004	878,375000	134,582993	514,500000	37,833000	147,000000	210,772995	103,273003	192,667038
471	2,146113	148,278000	878,000000	134,455002	514,091003	38,000000	147,000000	210,772995	103,273003	192,546646
472	2,150679	148,278000	878,000000	134,227005	514,091003	38,222000	147,000000	210,772995	103,273003	192,445084
473	2,155246	148,332993	878,000000	134,136002	514,091003	38,599998	146,500000	210,772995	103,273003	192,334595
474	2,159812	148,389008	878,000000	134,091003	514,091003	38,750000	146,500000	210,772995	103,273003	192,290253
475	2,164378	148,500000	878,000000	134,000000	514,091003	38,750000	146,500000	210,772995	103,273003	192,245209
476	2,168944	148,188004	877,750000	133,955002	514,091003	38,849998	146,500000	210,772995	103,273003	192,264450
477	2,173510	148,929001	878,000000	133,908997	514,091003	38,849998	146,500000	210,772995	103,273003	192,135559
478	2,178077	148,500000	877,750000	133,772995	514,091003	38,900002	146,500000	210,772995	103,273003	192,152847
479	2,182643	148,625000	877,750000	133,682007	514,091003	38,900002	146,500000	210,772995	103,273003	192,105576
480	2,187209	148,625000	877,750000	133,682007	514,000000	38,900002	146,500000	210,772995	103,273003	192,109589
481	2,191775	148,625000	877,750000	133,591003	514,000000	38,900002	146,500000	210,772995	103,273003	192,081970
482	2,196341	149,438004	878,375000	133,591003	514,000000	38,849998	146,500000	210,772995	103,273003	191,965729
483	2,200907	149,214005	878,000000	133,591003	514,000000	38,799999	146,500000	210,772995	103,273003	192,005676
484	2,205474	149,250000	877,500000	133,544998	514,000000	38,750000	146,500000	210,772995	103,273003	191,989975
485	2,210040	149,714005	877,143005	133,500000	514,000000	38,700001	146,500000	210,949997	102,900002	191,908127
486	2,214606	149,500000	877,500000	133,500000	514,000000	38,549999	146,500000	210,949997	102,900002	191,966232
487	2,219172	149,667007	877,500000	133,500000	514,000000	38,450001	146,500000	210,772995	103,273003	191,954575
488	2,223738	149,667007	877,500000	133,500000	514,000000	38,111000	147,000000	211,000000	102,900002	192,023087
489	2,228305	149,667007	877,500000	133,455002	514,000000	37,833000	147,000000	211,000000	102,900002	192,050064
490	2,232871	149,750000	877,500000	133,500000	513,500000	37,833000	147,000000	210,949997	102,900002	192,073257
491	2,237437	149,785995	877,713989	133,449997	513,500000	37,833000	147,000000	210,949997	102,900002	192,053940
492	2,242003	150,429001	877,000000	133,227005	513,091003	37,833000	147,000000	211,000000	102,900002	191,898682
493	2,246569	150,332993	877,500000	133,227005	513,091003	37,833000	147,000000	211,000000	102,900002	191,917450
494	2,251136	150,643005	877,000000	133,227005	513,091003	37,833000	147,000000	211,000000	102,900002	191,865067
